analysis,source_experiment,claim_id,truth_label,condition,generated_verdict,reference_correct,candidate_corrective_recall_at_5,context_corrective_recall,support_visible,context_support_indicator,visible_target_evidence_agreement,target_conflict_present,reference_sufficient_context
metric_pathology,E2,false_01,False,exposed,FALSE,True,True,True,True,True,0.5,True,True
metric_pathology,E2,false_02,False,exposed,FALSE,True,True,True,True,True,0.5,True,True
metric_pathology,E2,false_03,False,exposed,FALSE,True,True,True,True,True,0.5,True,True
metric_pathology,E2,true_01,True,exposed,TRUE,True,True,True,True,True,0.5,True,True
metric_pathology,E2,true_02,True,exposed,TRUE,True,True,True,True,True,0.5,True,True
metric_pathology,E2,true_03,True,exposed,TRUE,True,True,True,True,True,0.5,True,True
metric_pathology,E2,false_01,False,available_not_exposed,TRUE,False,True,False,True,True,1.0,False,False
metric_pathology,E2,false_02,False,available_not_exposed,TRUE,False,True,False,True,True,1.0,False,False
metric_pathology,E2,false_03,False,available_not_exposed,TRUE,False,True,False,True,True,1.0,False,False
metric_pathology,E2,true_01,True,available_not_exposed,FALSE,False,True,False,True,True,1.0,False,False
metric_pathology,E2,true_02,True,available_not_exposed,FALSE,False,True,False,True,True,1.0,False,False
metric_pathology,E2,true_03,True,available_not_exposed,FALSE,False,True,False,True,True,1.0,False,False
metric_pathology,E2,false_01,False,absent,TRUE,False,False,False,True,True,1.0,False,False
metric_pathology,E2,false_02,False,absent,TRUE,False,False,False,True,True,1.0,False,False
metric_pathology,E2,false_03,False,absent,TRUE,False,False,False,True,True,1.0,False,False
metric_pathology,E2,true_01,True,absent,FALSE,False,False,False,True,True,1.0,False,False
metric_pathology,E2,true_02,True,absent,FALSE,False,False,False,True,True,1.0,False,False
metric_pathology,E2,true_03,True,absent,FALSE,False,False,False,True,True,1.0,False,False
